ESID,studyID,author,title,pub_year,pub_status,pub_type,N,sampling,N_grp,avg_age,sd_age,grade,school_type,%first_year,%second_year,%third_year,%fourth_year,origin,N_fem,N_white,N_black,N_hispanic,N_asian,N_native,N_multi,N_freereduce,N_historyanx,N_historydep,tech_measure,tech_admin,tech_assign,tech_questions,latent_var,measure,anx_type,dep_type,measuretype,reliability,reliablestat,reliablesource,reliabletype,stdmeasure,measure_questions,es_anxcorr,es_concurrent,es_length,fishers_z,fishers_SE,var,odds_ratio,odds_lower,odds_upper,es_questions,es_Ztocorr
1,1,"Wolniewicz, Claire A.; Rozgonjuk, Dmitri; Elhai, Jon D.",Boredom proneness and fear of missing out mediate relations between depression and anxiety with problematic smartphone use.,2020,1,0,297,0,-999,19.7,3.96,-999,3,53.5,33.7,-999,-999,US,72.1,80.5,14.1,6.7,4,2,-999,-999,-999,-999,"Smartphone Addiction Scale - SAS (Kwon et al., 2013)","0, 2",0,-999,0,"Depression Anxiety Stress Scale (Lovibond & Lovibond, 1995)",1,-999,1,0.82,0,1,"1, 4",1,Anxiety subscore from the Depression Anxiety Stress Scale,0.35,0,-999,0.365443754,0.0583,0.00339889,-999,-999,-999,-999,0.35
2,1,"Wolniewicz, Claire A.; Rozgonjuk, Dmitri; Elhai, Jon D.",Boredom proneness and fear of missing out mediate relations between depression and anxiety with problematic smartphone use.,2020,1,0,297,0,-999,19.7,3.96,-999,3,53.5,33.7,-999,-999,US,72.1,80.5,14.1,6.7,4,2,-999,-999,-999,-999,"Smartphone frequency scale (Elhai et al., 2016)","0, 2",0,-999,0,"Depression Anxiety Stress Scale (Lovibond & Lovibond, 1995)",1,-999,1,0.82,0,1,"1, 4",1,Anxiety subscore from the Depression Anxiety Stress Scale,0.02,0,-999,0.020002667,0.0583,0.00339889,-999,-999,-999,-999,0.02
3,1,"Wolniewicz, Claire A.; Rozgonjuk, Dmitri; Elhai, Jon D.",Boredom proneness and fear of missing out mediate relations between depression and anxiety with problematic smartphone use.,2020,1,0,297,0,-999,19.7,3.96,-999,3,53.5,33.7,-999,-999,US,72.1,80.5,14.1,6.7,4,2,-999,-999,-999,-999,"Smartphone Addiction Scale - SAS (Kwon et al., 2013)","0, 2",0,-999,0,"FOMO scale (Przybylksi et al., 2013)",3,-999,1,0.87,0,1,1,1,-999,0.53,0,-999,0.59014516,0.0583,0.00339889,-999,-999,-999,-999,0.53
4,1,"Wolniewicz, Claire A.; Rozgonjuk, Dmitri; Elhai, Jon D.",Boredom proneness and fear of missing out mediate relations between depression and anxiety with problematic smartphone use.,2020,1,0,297,0,-999,19.7,3.96,-999,3,53.5,33.7,-999,-999,US,72.1,80.5,14.1,6.7,4,2,-999,-999,-999,-999,"Smartphone frequency scale (Elhai et al., 2016)","0, 2",0,-999,0,"FOMO scale (Przybylksi et al., 2013)",3,-999,1,0.87,0,1,1,1,-999,0.18,0,-999,0.181982689,0.0583,0.00339889,-999,-999,-999,-999,0.18
5,1,"Wolniewicz, Claire A.; Rozgonjuk, Dmitri; Elhai, Jon D.",Boredom proneness and fear of missing out mediate relations between depression and anxiety with problematic smartphone use.,2020,1,0,297,0,-999,19.7,3.96,-999,3,53.5,33.7,-999,-999,US,72.1,80.5,14.1,6.7,4,2,-999,-999,-999,-999,"Smartphone Addiction Scale - SAS (Kwon et al., 2013)","0, 2",0,-999,1,"Depression Anxiety Stress Scale (Lovibond & Lovibond, 1995)",-999,0,1,0.89,0,1,"1, 4",1,Depression subscore from the Depression Anxiety Stress Scale,0.34,0,-999,0.354092529,0.0583,0.00339889,-999,-999,-999,-999,0.34
6,1,"Wolniewicz, Claire A.; Rozgonjuk, Dmitri; Elhai, Jon D.",Boredom proneness and fear of missing out mediate relations between depression and anxiety with problematic smartphone use.,2020,1,0,297,0,-999,19.7,3.96,-999,3,53.5,33.7,-999,-999,US,72.1,80.5,14.1,6.7,4,2,-999,-999,-999,-999,"Smartphone frequency scale (Elhai et al., 2016)","0, 2",0,-999,1,"Depression Anxiety Stress Scale (Lovibond & Lovibond, 1995)",-999,0,1,0.89,0,1,"1, 5",1,Depression subscore from the Depression Anxiety Stress Scale,0.07,0,-999,0.070114671,0.0583,0.00339889,-999,-999,-999,-999,0.07
1,2,Barry et al.,Adolescent social media use and mental health from adolescent and parent perspectives ,2017,1,0,226,0,14-17,15.27,1.02,-999,-999,-999,-999,-999,-999,US,45.1,81.4,6.2,2.7,2.7,0.9,5.3,-999,-999,-999,Social Media Survey - Frequency Checking Device,2,-999,-999,0,DSM-5 Checklist for Anxiety Symptoms,1,-999,1,-999,-999,-999,-999,1,-999,0.21,0,-999,0.213171347,0.066964953,0.004484305,-999,-999,-999,-999,0.21
2,2,Barry et al.,Adolescent social media use and mental health from adolescent and parent perspectives ,2017,1,0,226,0,14-17,15.27,1.02,-999,-999,-999,-999,-999,-999,US,45.1,81.4,6.2,2.7,2.7,0.9,5.3,-999,-999,-999,Social Media Survey - Frequency Checking Device,2,-999,-999,1,DSM-5 Checklist for Depression Symptoms,-999,0,1,-999,-999,-999,-999,1,-999,0.24,0,-999,0.244774113,0.066964953,0.004484305,-999,-999,-999,-999,0.24
3,2,Barry et al.,Adolescent social media use and mental health from adolescent and parent perspectives ,2017,1,0,226,0,14-17,15.27,1.02,-999,-999,-999,-999,-999,-999,US,45.1,81.4,6.2,2.7,2.7,0.9,5.3,-999,-999,-999,Social Media Survey - Frequency Checking Device,2,-999,-999,1,"FOMO scale (Przybylksi et al., 2013)",3,-999,1,0.87,0,1,1,1,-999,0.35,0,-999,0.365443754,0.066964953,0.004484305,-999,-999,-999,-999,0.35
1,3,"Chambers, Kelsey J.","College students' anxiety, social media engagement, and fear of missing out.",2015,0,1,152,0,-999,23.57,5.33,-999,3,-999,-999,-999,-999,US,69.7,80.9,8.6,12.5,3.9,3.3,-999,-999,-999,-999,"Social Media Engagement Questionnaire - SMEQ (Przybylksi et al., 2013)","0, 2",0,-999,0,"State-Trait Anxiety Inventory - STAI (Spielberger, 1983)",4,-999,1,0.86-0.95,0,1,1,1,State anxiety subscore,0.142,0,-999,0.142966145,0.081923192,0.006711409,-999,-999,-999,"Female only, r = 0.087; Male only, r = 0.113",0.142
2,3,"Chambers, Kelsey J.","College students' anxiety, social media engagement, and fear of missing out.",2015,0,1,152,0,-999,23.57,5.33,-999,3,-999,-999,-999,-999,US,69.7,80.9,8.6,12.5,3.9,3.3,-999,-999,-999,-999,"Social Media Engagement Questionnaire - SMEQ (Przybylksi et al., 2013)","0, 2",0,-999,0,"State-Trait Anxiety Inventory - STAI (Spielberger, 1983)",4,-999,1,0.86-0.95,0,1,1,1,Trait anxiety subscore,0.182,0,-999,0.184050431,0.081923192,0.006711409,-999,-999,-999,"Female only, r = 0.205; Male only, r = 0.015",0.182
3,3,"Chambers, Kelsey J.","College students' anxiety, social media engagement, and fear of missing out.",2015,0,1,152,0,-999,23.57,5.33,-999,3,-999,-999,-999,-999,US,69.7,80.9,8.6,12.5,3.9,3.3,-999,-999,-999,-999,"Social Media Engagement Questionnaire - SMEQ (Przybylksi et al., 2013)","0, 2",0,-999,0,"FOMO scale (Przybylksi et al., 2013)",3,-999,1,0.87,0,1,1,1,-999,0.196,0,-999,0.198569333,0.081923192,0.006711409,-999,-999,-999,"Female only, r = 0.247; Male only, r = 0.017",0.196
4,3,"Chambers, Kelsey J.","College students' anxiety, social media engagement, and fear of missing out.",2015,0,1,152,0,-999,23.57,5.33,-999,3,-999,-999,-999,-999,US,69.7,80.9,8.6,12.5,3.9,3.3,-999,-999,-999,-999,"Social Media Engagement Scale - SMES (Alt, 2015)","0, 2",0,-999,0,"State-Trait Anxiety Inventory - STAI (Spielberger, 1983)",4,-999,1,0.86-0.95,0,1,1,1,State anxiety subscore,0.073,0,-999,0.073130089,0.081923192,0.006711409,-999,-999,-999,"Female only, r = 0.039; Male only, r = 0.110",0.073
5,3,"Chambers, Kelsey J.","College students' anxiety, social media engagement, and fear of missing out.",2015,0,1,152,0,-999,23.57,5.33,-999,3,-999,-999,-999,-999,US,69.7,80.9,8.6,12.5,3.9,3.3,-999,-999,-999,-999,"Social Media Engagement Scale - SMES (Alt, 2015)","0, 2",0,-999,0,"State-Trait Anxiety Inventory - STAI (Spielberger, 1983)",4,-999,1,0.86-0.95,0,1,1,1,Trait anxiety subscore,0.024,0,-999,0.02400461,0.081923192,0.006711409,-999,-999,-999,"Female only, r = -0.005; Male only, r = 0.032",0.024
6,3,"Chambers, Kelsey J.","College students' anxiety, social media engagement, and fear of missing out.",2015,0,1,152,0,-999,23.57,5.33,-999,3,-999,-999,-999,-999,US,69.7,80.9,8.6,12.5,3.9,3.3,-999,-999,-999,-999,"Social Media Engagement Scale - SMES (Alt, 2015)","0, 2",0,-999,0,"FOMO scale (Przybylksi et al., 2013)",3,-999,1,0.87,0,1,1,1,-999,0.204,0,-999,0.20690272,0.081923192,0.006711409,-999,-999,-999,"Female only, r = 0.200; Male only, r = 0.199",0.204
1,4,"Elhaia, Gallinarib, Rozgonjukd, Yanga ","Depression, anxiety and fear of missing out as correlates of social, non-social T and problematic smartphone use ",2020,1,0,316,0,18-25,19.21,1.74,-999,3,59.5,25,-999,-999,US,66.8,75.3,19,4.7,4.7,-999,-999,-999,-999,-999,Process and social smartphone use - PSA (van Deursen et al. (2015),"0, 2",0,Process use subscore,0,"Depression Anxiety Stress Scale-21 (Lovibond & Lovibond, 1995)",1,-999,1,0.84,0,1,1,1,Anxiety subscore from the Depression Anxiety Stress Scale,0.02,0,-999,0.020002667,0.056523342,0.003194888,-999,-999,-999,-999,0.02
2,4,"Elhaia, Gallinarib, Rozgonjukd, Yanga ","Depression, anxiety and fear of missing out as correlates of social, non-social T and problematic smartphone use ",2020,1,0,316,0,18-25,19.21,1.74,-999,3,59.5,25,-999,-999,US,66.8,75.3,19,4.7,4.7,-999,-999,-999,-999,-999,Process and social smartphone use - PSA (van Deursen et al. (2015),"0, 2",0,Social use subscore,0,"Depression Anxiety Stress Scale-21 (Lovibond & Lovibond, 1995)",1,-999,1,0.84,0,1,1,1,Anxiety subscore from the Depression Anxiety Stress Scale,-0.06,0,-999,-0.060072156,0.056523342,0.003194888,-999,-999,-999,-999,-0.06
3,4,"Elhaia, Gallinarib, Rozgonjukd, Yanga ","Depression, anxiety and fear of missing out as correlates of social, non-social T and problematic smartphone use ",2020,1,0,316,0,18-25,19.21,1.74,-999,3,59.5,25,-999,-999,US,66.8,75.3,19,4.7,4.7,-999,-999,-999,-999,-999,Process and social smartphone use - PSA (van Deursen et al. (2015),"0, 2",0,Process use subscore,1,"Depression Anxiety Stress Scale-21 (Lovibond & Lovibond, 1995)",-999,0,1,0.91,0,1,1,1,Depression subscore from the Depression Anxiety Stress Scale,0.08,0,-999,0.080171325,0.056523342,0.003194888,-999,-999,-999,-999,0.08
4,4,"Elhaia, Gallinarib, Rozgonjukd, Yanga ","Depression, anxiety and fear of missing out as correlates of social, non-social T and problematic smartphone use ",2020,1,0,316,0,18-25,19.21,1.74,-999,3,59.5,25,-999,-999,US,66.8,75.3,19,4.7,4.7,-999,-999,-999,-999,-999,Process and social smartphone use - PSA (van Deursen et al. (2015),"0, 2",0,Social use subscore,1,"Depression Anxiety Stress Scale-21 (Lovibond & Lovibond, 1995)",-999,0,1,0.91,0,1,1,1,Depression subscore from the Depression Anxiety Stress Scale,-0.04,0,-999,-0.040021354,0.056523342,0.003194888,-999,-999,-999,-999,-0.04
5,4,"Elhaia, Gallinarib, Rozgonjukd, Yanga ","Depression, anxiety and fear of missing out as correlates of social, non-social T and problematic smartphone use ",2020,1,0,316,0,18-25,19.21,1.74,-999,3,59.5,25,-999,-999,US,66.8,75.3,19,4.7,4.7,-999,-999,-999,-999,-999,Process and social smartphone use - PSA (van Deursen et al. (2015),"0, 2",0,Process use subscore,0,"Fomo scale (Przybylksi et al., 2013)",3,-999,1,0.87,0,1,1,1,-999,0.27,0,-999,0.276863823,0.056523342,0.003194888,-999,-999,-999,-999,0.27
6,4,"Elhaia, Gallinarib, Rozgonjukd, Yanga ","Depression, anxiety and fear of missing out as correlates of social, non-social T and problematic smartphone use ",2020,1,0,316,0,18-25,19.21,1.74,-999,3,59.5,25,-999,-999,US,66.8,75.3,19,4.7,4.7,-999,-999,-999,-999,-999,Process and social smartphone use - PSA (van Deursen et al. (2015),"0, 2",0,Social use subscore,0,"Fomo scale (Przybylksi et al., 2013)",3,-999,1,0.87,0,1,1,1,-999,0.13,0,-999,0.13073985,0.056523342,0.003194888,-999,-999,-999,-999,0.13
7,4,"Elhaia, Gallinarib, Rozgonjukd, Yanga ","Depression, anxiety and fear of missing out as correlates of social, non-social T and problematic smartphone use ",2020,1,0,316,0,18-25,19.21,1.74,-999,3,59.5,25,-999,-999,US,66.8,75.3,19,4.7,4.7,-999,-999,-999,-999,-999,Process and social smartphone use - PSA (van Deursen et al. (2015),"0, 2",0,PSU Total Score,0,"Depression Anxiety Stress Scale-21 (Lovibond & Lovibond, 1995)",1,-999,1,0.84,0,1,1,1,Anxiety subscore from the Depression Anxiety Stress Scale,0.38,0,-999,0.40005965,0.056523342,0.003194888,-999,-999,-999,-999,0.38
8,4,"Elhaia, Gallinarib, Rozgonjukd, Yanga ","Depression, anxiety and fear of missing out as correlates of social, non-social T and problematic smartphone use ",2020,1,0,316,0,18-25,19.21,1.74,-999,3,59.5,25,-999,-999,US,66.8,75.3,19,4.7,4.7,-999,-999,-999,-999,-999,Process and social smartphone use - PSA (van Deursen et al. (2015),"0, 2",0,PSU Total Score,1,"Depression Anxiety Stress Scale-21 (Lovibond & Lovibond, 1995)",-999,0,1,0.91,0,1,1,1,Depression subscore from the Depression Anxiety Stress Scale,0.4,0,-999,0.42364893,0.056523342,0.003194888,-999,-999,-999,-999,0.4
9,4,"Elhaia, Gallinarib, Rozgonjukd, Yanga ","Depression, anxiety and fear of missing out as correlates of social, non-social T and problematic smartphone use ",2020,1,0,316,0,18-25,19.21,1.74,-999,3,59.5,25,-999,-999,US,66.8,75.3,19,4.7,4.7,-999,-999,-999,-999,-999,Process and social smartphone use - PSA (van Deursen et al. (2015),"0, 2",0,PSU Total Score,0,"Fomo scale (Przybylksi et al., 2013)",3,-999,1,0.87,0,1,1,1,-999,0.51,0,-999,0.562729769,0.056523342,0.003194888,-999,-999,-999,-999,0.51
1,5,"Jeffrey A. Hall, Ric G. Steele, Jennifer L. Christofferson, and Teodora Mihailova",Development and Initial Evaluation of a Multidimensional Digital Stress Scale,2021,1,0,339,0,18-21,18.4,0.76,-999,3,-999,-999,-999,-999,US,69.6,78,8.6,8.6,8,0.6,-999,-999,-999,-999,Digital Stress Scale - DSS ,"0, 2",0,DSS Total Score,0,Patient-Reported Outcomes Measurement Information System (PROMIS) ,1,-999,1,0.94,0,1,-999,1,Anxiety subscore of PROMIS,0.45,0,-999,0.484700279,0.054554473,0.002976191,-999,-999,-999,-999,0.45
2,5,"Jeffrey A. Hall, Ric G. Steele, Jennifer L. Christofferson, and Teodora Mihailova",Development and Initial Evaluation of a Multidimensional Digital Stress Scale,2021,1,0,339,0,18-21,18.4,0.76,-999,3,-999,-999,-999,-999,US,69.6,78,8.6,8.6,8,0.6,-999,-999,-999,-999,Digital Stress Scale - DSS ,"0, 2",0,DSS approval anxiety subscore,0,Patient-Reported Outcomes Measurement Information System (PROMIS) ,1,-999,1,0.94,0,1,-999,1,Anxiety subscore of PROMIS,0.39,0,-999,0.411800034,0.054554473,0.002976191,-999,-999,-999,-999,0.39
3,5,"Jeffrey A. Hall, Ric G. Steele, Jennifer L. Christofferson, and Teodora Mihailova",Development and Initial Evaluation of a Multidimensional Digital Stress Scale,2021,1,0,339,0,18-21,18.4,0.76,-999,3,-999,-999,-999,-999,US,69.6,78,8.6,8.6,8,0.6,-999,-999,-999,-999,Digital Stress Scale - DSS ,"0, 2",0,DSS availability stress subscore,0,Patient-Reported Outcomes Measurement Information System (PROMIS) ,1,-999,1,0.94,0,1,-999,1,Anxiety subscore of PROMIS,0.18,0,-999,0.181982689,0.054554473,0.002976191,-999,-999,-999,-999,0.18
4,5,"Jeffrey A. Hall, Ric G. Steele, Jennifer L. Christofferson, and Teodora Mihailova",Development and Initial Evaluation of a Multidimensional Digital Stress Scale,2021,1,0,339,0,18-21,18.4,0.76,-999,3,-999,-999,-999,-999,US,69.6,78,8.6,8.6,8,0.6,-999,-999,-999,-999,Digital Stress Scale - DSS ,"0, 2",0,DSS FoMo subscore,0,Patient-Reported Outcomes Measurement Information System (PROMIS) ,1,-999,1,0.94,0,1,-999,1,Anxiety subscore of PROMIS,0.43,0,-999,0.459896681,0.054554473,0.002976191,-999,-999,-999,-999,0.43
5,5,"Jeffrey A. Hall, Ric G. Steele, Jennifer L. Christofferson, and Teodora Mihailova",Development and Initial Evaluation of a Multidimensional Digital Stress Scale,2021,1,0,339,0,18-21,18.4,0.76,-999,3,-999,-999,-999,-999,US,69.6,78,8.6,8.6,8,0.6,-999,-999,-999,-999,Digital Stress Scale - DSS ,"0, 2",0,DSS online vigilance,0,Patient-Reported Outcomes Measurement Information System (PROMIS) ,1,-999,1,0.94,0,1,-999,1,Anxiety subscore of PROMIS,0.35,0,-999,0.365443754,0.054554473,0.002976191,-999,-999,-999,-999,0.35
6,5,"Jeffrey A. Hall, Ric G. Steele, Jennifer L. Christofferson, and Teodora Mihailova",Development and Initial Evaluation of a Multidimensional Digital Stress Scale,2021,1,0,339,0,18-21,18.4,0.76,-999,3,-999,-999,-999,-999,US,69.6,78,8.6,8.6,8,0.6,-999,-999,-999,-999,Digital Stress Scale - DSS ,"0, 2",0,DSS connection overload,0,Patient-Reported Outcomes Measurement Information System (PROMIS) ,1,-999,1,0.94,0,1,-999,1,Anxiety subscore of PROMIS,0.29,0,-999,0.298566264,0.054554473,0.002976191,-999,-999,-999,-999,0.29
1,56,"Jeffrey A. Hall, Ric G. Steele, Jennifer L. Christofferson, and Teodora Mihailova",Development and Initial Evaluation of a Multidimensional Digital Stress Scale,2021,1,0,166,0,14-17,15.3,1.01,-999,2,-999,-999,-999,-999,US,52.1,75.5,6.1,16.6,4.9,3.7,-999,-999,-999,-999,Digital Stress Scale - DSS ,"0, 2",0,DSS Total Score,0,Patient-Reported Outcomes Measurement Information System (PROMIS) ,1,-999,1,0.94,0,1,-999,1,Anxiety subscore of PROMIS,0.52,0,-999,0.576339755,0.078326045,0.006134969,-999,-999,-999,-999,0.52
2,6,"Jeffrey A. Hall, Ric G. Steele, Jennifer L. Christofferson, and Teodora Mihailova",Development and Initial Evaluation of a Multidimensional Digital Stress Scale,2021,1,0,166,0,14-17,15.3,1.01,-999,2,-999,-999,-999,-999,US,52.1,75.5,6.1,16.6,4.9,3.7,-999,-999,-999,-999,Digital Stress Scale - DSS ,"0, 2",0,DSS approval anxiety subscore,0,Patient-Reported Outcomes Measurement Information System (PROMIS) ,1,-999,1,0.94,0,1,-999,1,Anxiety subscore of PROMIS,0.44,0,-999,0.472230804,0.078326045,0.006134969,-999,-999,-999,-999,0.44
3,6,"Jeffrey A. Hall, Ric G. Steele, Jennifer L. Christofferson, and Teodora Mihailova",Development and Initial Evaluation of a Multidimensional Digital Stress Scale,2021,1,0,166,0,14-17,15.3,1.01,-999,2,-999,-999,-999,-999,US,52.1,75.5,6.1,16.6,4.9,3.7,-999,-999,-999,-999,Digital Stress Scale - DSS ,"0, 2",0,DSS availability stress subscore,0,Patient-Reported Outcomes Measurement Information System (PROMIS) ,1,-999,1,0.94,0,1,-999,1,Anxiety subscore of PROMIS,0.35,0,-999,0.365443754,0.078326045,0.006134969,-999,-999,-999,-999,0.35
4,6,"Jeffrey A. Hall, Ric G. Steele, Jennifer L. Christofferson, and Teodora Mihailova",Development and Initial Evaluation of a Multidimensional Digital Stress Scale,2021,1,0,166,0,14-17,15.3,1.01,-999,2,-999,-999,-999,-999,US,52.1,75.5,6.1,16.6,4.9,3.7,-999,-999,-999,-999,Digital Stress Scale - DSS ,"0, 2",0,DSS FoMo subscore,0,Patient-Reported Outcomes Measurement Information System (PROMIS) ,1,-999,1,0.94,0,1,-999,1,Anxiety subscore of PROMIS,0.54,0,-999,0.604155603,0.078326045,0.006134969,-999,-999,-999,-999,0.54
5,6,"Jeffrey A. Hall, Ric G. Steele, Jennifer L. Christofferson, and Teodora Mihailova",Development and Initial Evaluation of a Multidimensional Digital Stress Scale,2021,1,0,166,0,14-17,15.3,1.01,-999,2,-999,-999,-999,-999,US,52.1,75.5,6.1,16.6,4.9,3.7,-999,-999,-999,-999,Digital Stress Scale - DSS ,"0, 2",0,DSS online vigilance,0,Patient-Reported Outcomes Measurement Information System (PROMIS) ,1,-999,1,0.94,0,1,-999,1,Anxiety subscore of PROMIS,0.31,0,-999,0.320545409,0.078326045,0.006134969,-999,-999,-999,-999,0.31
6,6,"Jeffrey A. Hall, Ric G. Steele, Jennifer L. Christofferson, and Teodora Mihailova",Development and Initial Evaluation of a Multidimensional Digital Stress Scale,2021,1,0,166,0,14-17,15.3,1.01,-999,2,-999,-999,-999,-999,US,52.1,75.5,6.1,16.6,4.9,3.7,-999,-999,-999,-999,Digital Stress Scale - DSS ,"0, 2",0,DSS connection overload,0,Patient-Reported Outcomes Measurement Information System (PROMIS) ,1,-999,1,0.94,0,1,-999,1,Anxiety subscore of PROMIS,0.43,0,-999,0.459896681,0.078326045,0.006134969,-999,-999,-999,-999,0.43
7,6,"Jeffrey A. Hall, Ric G. Steele, Jennifer L. Christofferson, and Teodora Mihailova",Development and Initial Evaluation of a Multidimensional Digital Stress Scale,2021,1,0,166,0,14-17,15.3,1.01,-999,2,-999,-999,-999,-999,US,52.1,75.5,6.1,16.6,4.9,3.7,-999,-999,-999,-999,Digital Stress Scale - DSS ,"0, 2",0,DSS Total Score,1,Patient-Reported Outcomes Measurement Information System (PROMIS) ,-999,0,1,0.96,0,1,-999,1,Depression subscore of PROMIS,0.5,0,-999,0.549306144,0.078326045,0.006134969,-999,-999,-999,-999,0.5
8,6,"Jeffrey A. Hall, Ric G. Steele, Jennifer L. Christofferson, and Teodora Mihailova",Development and Initial Evaluation of a Multidimensional Digital Stress Scale,2021,1,0,166,0,14-17,15.3,1.01,-999,2,-999,-999,-999,-999,US,52.1,75.5,6.1,16.6,4.9,3.7,-999,-999,-999,-999,Digital Stress Scale - DSS ,"0, 2",0,DSS approval anxiety subscore,1,Patient-Reported Outcomes Measurement Information System (PROMIS) ,-999,0,1,0.96,0,1,-999,1,Depression subscore of PROMIS,0.48,0,-999,0.522984278,0.078326045,0.006134969,-999,-999,-999,-999,0.48
9,6,"Jeffrey A. Hall, Ric G. Steele, Jennifer L. Christofferson, and Teodora Mihailova",Development and Initial Evaluation of a Multidimensional Digital Stress Scale,2021,1,0,166,0,14-17,15.3,1.01,-999,2,-999,-999,-999,-999,US,52.1,75.5,6.1,16.6,4.9,3.7,-999,-999,-999,-999,Digital Stress Scale - DSS ,"0, 2",0,DSS availability stress subscore,1,Patient-Reported Outcomes Measurement Information System (PROMIS) ,-999,0,1,0.96,0,1,-999,1,Depression subscore of PROMIS,0.32,0,-999,0.331647109,0.078326045,0.006134969,-999,-999,-999,-999,0.32
10,6,"Jeffrey A. Hall, Ric G. Steele, Jennifer L. Christofferson, and Teodora Mihailova",Development and Initial Evaluation of a Multidimensional Digital Stress Scale,2021,1,0,166,0,14-17,15.3,1.01,-999,2,-999,-999,-999,-999,US,52.1,75.5,6.1,16.6,4.9,3.7,-999,-999,-999,-999,Digital Stress Scale - DSS ,"0, 2",0,DSS FoMo subscore,1,Patient-Reported Outcomes Measurement Information System (PROMIS) ,-999,0,1,0.96,0,1,-999,1,Depression subscore of PROMIS,0.58,0,-999,0.662462707,0.078326045,0.006134969,-999,-999,-999,-999,0.58
11,6,"Jeffrey A. Hall, Ric G. Steele, Jennifer L. Christofferson, and Teodora Mihailova",Development and Initial Evaluation of a Multidimensional Digital Stress Scale,2021,1,0,166,0,14-17,15.3,1.01,-999,2,-999,-999,-999,-999,US,52.1,75.5,6.1,16.6,4.9,3.7,-999,-999,-999,-999,Digital Stress Scale - DSS ,"0, 2",0,DSS online vigilance,1,Patient-Reported Outcomes Measurement Information System (PROMIS) ,-999,0,1,0.96,0,1,-999,1,Depression subscore of PROMIS,0.31,0,-999,0.320545409,0.078326045,0.006134969,-999,-999,-999,-999,0.31
12,6,"Jeffrey A. Hall, Ric G. Steele, Jennifer L. Christofferson, and Teodora Mihailova",Development and Initial Evaluation of a Multidimensional Digital Stress Scale,2021,1,0,166,0,14-17,15.3,1.01,-999,2,-999,-999,-999,-999,US,52.1,75.5,6.1,16.6,4.9,3.7,-999,-999,-999,-999,Digital Stress Scale - DSS ,"0, 2",0,DSS connection overload,1,Patient-Reported Outcomes Measurement Information System (PROMIS) ,-999,0,1,0.96,0,1,-999,1,Depression subscore of PROMIS,0.36,0,-999,0.376885901,0.078326045,0.006134969,-999,-999,-999,-999,0.36
13,6,"Jeffrey A. Hall, Ric G. Steele, Jennifer L. Christofferson, and Teodora Mihailova",Development and Initial Evaluation of a Multidimensional Digital Stress Scale,2021,1,0,166,0,14-17,15.3,1.01,-999,2,-999,-999,-999,-999,US,52.1,75.5,6.1,16.6,4.9,3.7,-999,-999,-999,-999,Digital Stress Scale - DSS ,"0, 2",0,DSS Total Score,2,Patient-Reported Outcomes Measurement Information System (PROMIS) ,-999,-999,1,0.96,0,1,-999,1,Fatigue subscore of PROMIS,0.5,0,-999,0.549306144,0.078326045,0.006134969,-999,-999,-999,-999,0.5
14,6,"Jeffrey A. Hall, Ric G. Steele, Jennifer L. Christofferson, and Teodora Mihailova",Development and Initial Evaluation of a Multidimensional Digital Stress Scale,2021,1,0,166,0,14-17,15.3,1.01,-999,2,-999,-999,-999,-999,US,52.1,75.5,6.1,16.6,4.9,3.7,-999,-999,-999,-999,Digital Stress Scale - DSS ,"0, 2",0,DSS approval anxiety subscore,2,Patient-Reported Outcomes Measurement Information System (PROMIS) ,-999,-999,1,0.96,0,1,-999,1,Fatigue subscore of PROMIS,0.41,0,-999,0.435611223,0.078326045,0.006134969,-999,-999,-999,-999,0.41
15,6,"Jeffrey A. Hall, Ric G. Steele, Jennifer L. Christofferson, and Teodora Mihailova",Development and Initial Evaluation of a Multidimensional Digital Stress Scale,2021,1,0,166,0,14-17,15.3,1.01,-999,2,-999,-999,-999,-999,US,52.1,75.5,6.1,16.6,4.9,3.7,-999,-999,-999,-999,Digital Stress Scale - DSS ,"0, 2",0,DSS availability stress subscore,2,Patient-Reported Outcomes Measurement Information System (PROMIS) ,-999,-999,1,0.96,0,1,-999,1,Fatigue subscore of PROMIS,0.34,0,-999,0.354092529,0.078326045,0.006134969,-999,-999,-999,-999,0.34
16,6,"Jeffrey A. Hall, Ric G. Steele, Jennifer L. Christofferson, and Teodora Mihailova",Development and Initial Evaluation of a Multidimensional Digital Stress Scale,2021,1,0,166,0,14-17,15.3,1.01,-999,2,-999,-999,-999,-999,US,52.1,75.5,6.1,16.6,4.9,3.7,-999,-999,-999,-999,Digital Stress Scale - DSS ,"0, 2",0,DSS FoMo subscore,2,Patient-Reported Outcomes Measurement Information System (PROMIS) ,-999,-999,1,0.96,0,1,-999,1,Fatigue subscore of PROMIS,0.53,0,-999,0.59014516,0.078326045,0.006134969,-999,-999,-999,-999,0.53
17,6,"Jeffrey A. Hall, Ric G. Steele, Jennifer L. Christofferson, and Teodora Mihailova",Development and Initial Evaluation of a Multidimensional Digital Stress Scale,2021,1,0,166,0,14-17,15.3,1.01,-999,2,-999,-999,-999,-999,US,52.1,75.5,6.1,16.6,4.9,3.7,-999,-999,-999,-999,Digital Stress Scale - DSS ,"0, 2",0,DSS online vigilance,2,Patient-Reported Outcomes Measurement Information System (PROMIS) ,-999,-999,1,0.96,0,1,-999,1,Fatigue subscore of PROMIS,0.33,0,-999,0.342828254,0.078326045,0.006134969,-999,-999,-999,-999,0.33
18,6,"Jeffrey A. Hall, Ric G. Steele, Jennifer L. Christofferson, and Teodora Mihailova",Development and Initial Evaluation of a Multidimensional Digital Stress Scale,2021,1,0,166,0,14-17,15.3,1.01,-999,2,-999,-999,-999,-999,US,52.1,75.5,6.1,16.6,4.9,3.7,-999,-999,-999,-999,Digital Stress Scale - DSS ,"0, 2",0,DSS connection overload,2,Patient-Reported Outcomes Measurement Information System (PROMIS) ,-999,-999,1,0.96,0,1,-999,1,Fatigue subscore of PROMIS,0.41,0,-999,0.435611223,0.078326045,0.006134969,-999,-999,-999,-999,0.41
1,7,"Dempsey, O'Briena, Tiamiyua, Elhai ",Fear of missing out (FoMO) and rumination mediate relations between T social anxiety and problematic Facebook use ,2019,1,0,291,0,-999,20.03,3.06,-999,3,48.5,29.6,10.3,7.6,US,57.6,73.9,12.4,5.9,6.2,-999,-999,-999,-999,-999,Facebook use frequency scale,"0, 2",0,-999,0,"Social Interaction Anxiety Scale - SIAS (Mattick & Clarke, 1998)",0,-999,1,0.93,0,0,1,1,-999,-0.2,0,-999,-0.202732554,0.058925565,0.003472222,-999,-999,-999,-999,-0.2
2,7,"Dempsey, O'Briena, Tiamiyua, Elhai ",Fear of missing out (FoMO) and rumination mediate relations between T social anxiety and problematic Facebook use ,2019,1,0,291,0,-999,20.03,3.06,-999,3,48.5,29.6,10.3,7.6,US,57.6,73.9,12.4,5.9,6.2,-999,-999,-999,-999,-999,Facebook use frequency scale,"0, 2",0,-999,1,"The Patient Health Questionnaire-9 - PHQ-9 (Spitzer et al., 1999)",-999,0,1,0.86,0,0,1,1,-999,-0.11,0,-999,-0.110446916,0.058925565,0.003472222,-999,-999,-999,-999,-0.11
3,7,"Dempsey, O'Briena, Tiamiyua, Elhai ",Fear of missing out (FoMO) and rumination mediate relations between T social anxiety and problematic Facebook use ,2019,1,0,291,0,-999,20.03,3.06,-999,3,48.5,29.6,10.3,7.6,US,57.6,73.9,12.4,5.9,6.2,-999,-999,-999,-999,-999,Facebook use frequency scale,"0, 2",0,-999,0,"FoMO scale (Przybylksi et al., 2013)",3,-999,1,0.87,0,0,1,1,-999,-0.19,0,-999,-0.192337169,0.058925565,0.003472222,-999,-999,-999,-999,-0.19
4,7,"Dempsey, O'Briena, Tiamiyua, Elhai ",Fear of missing out (FoMO) and rumination mediate relations between T social anxiety and problematic Facebook use ,2019,1,0,291,0,-999,20.03,3.06,-999,3,48.5,29.6,10.3,7.6,US,57.6,73.9,12.4,5.9,6.2,-999,-999,-999,-999,-999,"Bergen Facebook Addiction Scale - BFAS (Andreassan, 2012)","0, 2",0,-999,0,"Social Interaction Anxiety Scale - SIAS (Mattick & Clarke, 1998)",0,-999,1,0.93,0,0,1,1,-999,0.3,0,-999,0.309519604,0.058925565,0.003472222,-999,-999,-999,-999,0.3
5,7,"Dempsey, O'Briena, Tiamiyua, Elhai ",Fear of missing out (FoMO) and rumination mediate relations between T social anxiety and problematic Facebook use ,2019,1,0,291,0,-999,20.03,3.06,-999,3,48.5,29.6,10.3,7.6,US,57.6,73.9,12.4,5.9,6.2,-999,-999,-999,-999,-999,"Bergen Facebook Addiction Scale - BFAS (Andreassan, 2012)","0, 2",0,-999,1,"The Patient Health Questionnaire-9 - PHQ-9 (Spitzer et al., 1999)",-999,0,1,0.86,0,0,1,1,-999,0.2,0,-999,0.202732554,0.058925565,0.003472222,-999,-999,-999,-999,0.2
6,7,"Dempsey, O'Briena, Tiamiyua, Elhai ",Fear of missing out (FoMO) and rumination mediate relations between T social anxiety and problematic Facebook use ,2019,1,0,291,0,-999,20.03,3.06,-999,3,48.5,29.6,10.3,7.6,US,57.6,73.9,12.4,5.9,6.2,-999,-999,-999,-999,-999,"Bergen Facebook Addiction Scale - BFAS (Andreassan, 2012)","0, 2",0,-999,0,"FoMO scale (Przybylksi et al., 2013)",3,-999,1,0.87,0,0,1,1,-999,0.32,0,-999,0.331647109,0.058925565,0.003472222,-999,-999,-999,-999,0.32
1,8,"Oberst, Wegmann, Stodt, Brand, Chamarro ",Negative consequences from heavy social networking in adolescents: The mediating role of fear of missing ,2017,1,0,1468,0,16-18,16.59,0.62,-999,2,-999,-999,-999,-999,"Latin America (Argentina, Bolivia, Chile, Colombia,Dominican Republic, Ecuador, el Salvador, Guatemala, Honduras, Mexico, Nicaragua, Panama, Paraguay, Peru, Puerto Rico, Uruguay, Venezuela)",74.3,-999,-999,-999,-999,-999,-999,-999,-999,-999,"Social Network Intensity - SNI (Salehan & Negahban, 2013)","0, 2",0,-999,0,"Hospital Anxiety and Depression Scale - HADS (Quintana et al., 2003)",1,-999,1,-999,-999,-999,-999,1,Anxiety subscore from HADS,0.285,0,-999,0.293115727,0.026126497,0.000682594,-999,-999,-999,-999,0.285
2,8,"Oberst, Wegmann, Stodt, Brand, Chamarro ",Negative consequences from heavy social networking in adolescents: The mediating role of fear of missing ,2017,1,0,1468,0,16-18,16.59,0.62,-999,2,-999,-999,-999,-999,"Latin America (Argentina, Bolivia, Chile, Colombia,Dominican Republic, Ecuador, el Salvador, Guatemala, Honduras, Mexico, Nicaragua, Panama, Paraguay, Peru, Puerto Rico, Uruguay, Venezuela)",74.3,-999,-999,-999,-999,-999,-999,-999,-999,-999,"Social Network Intensity - SNI (Salehan & Negahban, 2013)","0, 2",0,-999,1,"Hospital Anxiety and Depression Scale - HADS (Quintana et al., 2003)",-999,0,1,-999,-999,-999,-999,1,Depression subscore from HADS,0.158,0,-999,0.159334822,0.026126497,0.000682594,-999,-999,-999,-999,0.158
3,8,"Oberst, Wegmann, Stodt, Brand, Chamarro ",Negative consequences from heavy social networking in adolescents: The mediating role of fear of missing ,2017,1,0,1468,0,16-18,16.59,0.62,-999,2,-999,-999,-999,-999,"Latin America (Argentina, Bolivia, Chile, Colombia,Dominican Republic, Ecuador, el Salvador, Guatemala, Honduras, Mexico, Nicaragua, Panama, Paraguay, Peru, Puerto Rico, Uruguay, Venezuela)",74.3,-999,-999,-999,-999,-999,-999,-999,-999,-999,"Social Network Intensity - SNI (Salehan & Negahban, 2013)","0, 2",0,-999,0,"FoMO scale (Przybylksi et al., 2013)",3,-999,1,0.87,0,0,1,1,-999,0.461,0,-999,0.49858042,0.026126497,0.000682594,-999,-999,-999,-999,0.461
1,9,"Dhira, Yossatornc, Kaurb, Chen ","Online social media fatigue and psychological wellbeing—A study of compulsive use, fear of missing out, fatigue, anxiety and depression ",2018,1,0,1554,0,12 to 18,14.63,1.73,-999,-999,-999,-999,-999,-999,India,45.5,-999,-999,-999,-999,-999,-999,-999,-999,-999,"Bergen Facebook Addiction Scale - BFAS (Andreassan, 2012)","0, 2",0,-999,0,Social Anxiety Scale for Children–Revised (SASC-R),0,-999,1,0.92,0,0,2,1,-999,0.33,1,5,0.342828254,0.025391836,0.000644745,-999,-999,-999,"The article considered this a ""pseudo-longitudinal"", participants in each wave were selecte doutside of the original pool of participants; a cross-sectional study. ",0.33
2,9,"Dhira, Yossatornc, Kaurb, Chen ","Online social media fatigue and psychological wellbeing—A study of compulsive use, fear of missing out, fatigue, anxiety and depression ",2018,1,0,1554,0,12 to 18,14.63,1.73,-999,-999,-999,-999,-999,-999,India,45.5,-999,-999,-999,-999,-999,-999,-999,-999,-999,"Bergen Facebook Addiction Scale - BFAS (Andreassan, 2012)","0, 2",0,-999,1,"Depression Scale - DEPS (Salokangas, Poutanen, & Stengård, 1995)",-999,0,1,0.88,0,0,-999,1,-999,0.38,1,5,0.40005965,0.025391836,0.000644745,-999,-999,-999,"The article considered this a ""pseudo-longitudinal"", participants in each wave were selecte doutside of the original pool of participants; a cross-sectional study. ",0.38
3,9,"Dhira, Yossatornc, Kaurb, Chen ","Online social media fatigue and psychological wellbeing—A study of compulsive use, fear of missing out, fatigue, anxiety and depression ",2018,1,0,1554,0,12 to 18,14.63,1.73,-999,-999,-999,-999,-999,-999,India,45.5,-999,-999,-999,-999,-999,-999,-999,-999,-999,"Bergen Facebook Addiction Scale - BFAS (Andreassan, 2012)","0, 2",0,-999,0,"FOMO scale (Przybylksi et al., 2013)",3,-999,1,0.8,0,0,1,1,-999,0.37,1,5,0.3884231,0.025391836,0.000644745,-999,-999,-999,"The article considered this a ""pseudo-longitudinal"", participants in each wave were selecte doutside of the original pool of participants; a cross-sectional study. ",0.37
4,9,"Dhira, Yossatornc, Kaurb, Chen ","Online social media fatigue and psychological wellbeing—A study of compulsive use, fear of missing out, fatigue, anxiety and depression ",2018,1,0,1554,0,12 to 18,14.63,1.73,-999,-999,-999,-999,-999,-999,India,45.5,-999,-999,-999,-999,-999,-999,-999,-999,-999,"Bergen Facebook Addiction Scale - BFAS (Andreassan, 2012)","0, 2",0,-999,2,"Fatigue due to Social Networking System - FSNS (Bright et al., 2015)",-999,-999,1,0.75,0,0,1,1,-999,0.52,1,5,0.576339755,0.025391836,0.000644745,-999,-999,-999,"The article considered this a ""pseudo-longitudinal"", participants in each wave were selecte doutside of the original pool of participants; a cross-sectional study. ",0.52
1,10,"Dhira, Yossatornc, Kaurb, Chen ","Online social media fatigue and psychological wellbeing—A study of compulsive use, fear of missing out, fatigue, anxiety and depression ",2018,1,0,1144,0,12 to 18,14.88,1.41,-999,-999,-999,-999,-999,-999,India,44,-999,-999,-999,-999,-999,-999,-999,-999,-999,"Bergen Facebook Addiction Scale - BFAS (Andreassan, 2012)","0, 2",0,-999,0,"Social Anxiety Scale for Children - SASC-R (La Greca & Lopez, 1998)",0,-999,1,0.92,0,0,2,1,-999,0.22,1,5,0.223656109,0.029604462,0.000876424,-999,-999,-999,"The article considered this a ""pseudo-longitudinal"", participants in each wave were selecte doutside of the original pool of participants; a cross-sectional study. ",0.22
2,10,"Dhira, Yossatornc, Kaurb, Chen ","Online social media fatigue and psychological wellbeing—A study of compulsive use, fear of missing out, fatigue, anxiety and depression ",2018,1,0,1144,0,12 to 18,14.88,1.41,-999,-999,-999,-999,-999,-999,India,44,-999,-999,-999,-999,-999,-999,-999,-999,-999,"Bergen Facebook Addiction Scale - BFAS (Andreassan, 2012)","0, 2",0,-999,1,"Depression Scale - DEPS (Salokangas et al., 1995)",-999,0,1,0.88,0,0,-999,1,-999,0.31,1,5,0.320545409,0.029604462,0.000876424,-999,-999,-999,"The article considered this a ""pseudo-longitudinal"", participants in each wave were selecte doutside of the original pool of participants; a cross-sectional study. ",0.31
3,10,"Dhira, Yossatornc, Kaurb, Chen ","Online social media fatigue and psychological wellbeing—A study of compulsive use, fear of missing out, fatigue, anxiety and depression ",2018,1,0,1144,0,12 to 18,14.88,1.41,-999,-999,-999,-999,-999,-999,India,44,-999,-999,-999,-999,-999,-999,-999,-999,-999,"Bergen Facebook Addiction Scale - BFAS (Andreassan, 2012)","0, 2",0,-999,0,"FOMO scale (Przybylksi et al., 2013)",3,-999,1,0.8,0,0,1,1,-999,0.24,1,5,0.244774113,0.029604462,0.000876424,-999,-999,-999,"The article considered this a ""pseudo-longitudinal"", participants in each wave were selecte doutside of the original pool of participants; a cross-sectional study. ",0.24
4,10,"Dhira, Yossatornc, Kaurb, Chen ","Online social media fatigue and psychological wellbeing—A study of compulsive use, fear of missing out, fatigue, anxiety and depression ",2018,1,0,1144,0,12 to 18,14.88,1.41,-999,-999,-999,-999,-999,-999,India,44,-999,-999,-999,-999,-999,-999,-999,-999,-999,"Bergen Facebook Addiction Scale - BFAS (Andreassan, 2012)","0, 2",0,-999,2,"Fatigue due to Social Networking System - FSNS (Bright et al., 2015)",-999,-999,1,0.75,0,0,1,1,-999,0.6,1,5,0.693147181,0.029604462,0.000876424,-999,-999,-999,"The article considered this a ""pseudo-longitudinal"", participants in each wave were selecte doutside of the original pool of participants; a cross-sectional study. ",0.6
1,11,"Tandona, Kaurb, Dhirc, Ma'ntyma'ki ",Sleepless due to social media? Investigating problematic sleep due to social media and social media sleep hygiene ,2020,1,0,1398,0,19-27,-999,-999,-999,3,-999,-999,-999,-999,India,57.4,-999,-999,-999,-999,-999,-999,-999,-999,-999,"Compulsive Social Media Use - CSMU (Andreassan et al., 2012)","0, 2",0,-999,0,"Social Anxiety Scale for Children - SASC-R (La Greca & Lopez, 1998)",0,-999,1,0.89,0,0,-999,1,-999,0.32,0,-999,0.331647109,0.026773978,0.000716846,-999,-999,-999,-999,0.32
2,11,"Tandona, Kaurb, Dhirc, Ma'ntyma'ki ",Sleepless due to social media? Investigating problematic sleep due to social media and social media sleep hygiene ,2020,1,0,1398,0,19-27,-999,-999,-999,3,-999,-999,-999,-999,India,57.4,-999,-999,-999,-999,-999,-999,-999,-999,-999,"Compulsive Social Media Use - CSMU (Andreassan et al., 2012)","0, 2",0,-999,1,"Depression Scale - DEPS (Salokangas et al., 1995)",-999,0,1,0.77,0,0,-999,1,-999,0.36,0,-999,0.376885901,0.026773978,0.000716846,-999,-999,-999,-999,0.36
3,11,"Tandona, Kaurb, Dhirc, Ma'ntyma'ki ",Sleepless due to social media? Investigating problematic sleep due to social media and social media sleep hygiene ,2020,1,0,1398,0,19-27,-999,-999,-999,3,-999,-999,-999,-999,India,57.4,-999,-999,-999,-999,-999,-999,-999,-999,-999,"Compulsive Social Media Use - CSMU (Andreassan et al., 2012)","0, 2",0,-999,0,"FOMO scale (Przybylksi et al., 2013)",3,-999,1,0.74,0,0,-999,1,-999,0.31,0,-999,0.320545409,0.026773978,0.000716846,-999,-999,-999,-999,0.31
1,12,"Tandona, Kaurb, Dhirc, Ma'ntyma'ki ",Sleepless due to social media? Investigating problematic sleep due to social media and social media sleep hygiene ,2020,1,0,1398,0,18-23,-999,-999,-999,3,-999,-999,-999,-999,India,63.1,-999,-999,-999,-999,-999,-999,-999,-999,-999,"Compulsive Social Media Use - CSMU (Andreassan et al., 2012)","0, 2",0,-999,0,"Social Anxiety Scale for Children - SASC-R (La Greca & Lopez, 1998)",0,-999,1,0.85,0,0,-999,1,-999,0.34,0,-999,0.354092529,0.026773978,0.000716846,-999,-999,-999,-999,0.34
2,12,"Tandona, Kaurb, Dhirc, Ma'ntyma'ki ",Sleepless due to social media? Investigating problematic sleep due to social media and social media sleep hygiene ,2020,1,0,1398,0,18-23,-999,-999,-999,3,-999,-999,-999,-999,India,63.1,-999,-999,-999,-999,-999,-999,-999,-999,-999,"Compulsive Social Media Use - CSMU (Andreassan et al., 2012)","0, 2",0,-999,1,"Depression Scale - DEPS (Salokangas et al., 1995)",-999,0,1,0.75,0,0,-999,1,-999,0.33,0,-999,0.342828254,0.026773978,0.000716846,-999,-999,-999,-999,0.33
3,12,"Tandona, Kaurb, Dhirc, Ma'ntyma'ki ",Sleepless due to social media? Investigating problematic sleep due to social media and social media sleep hygiene ,2020,1,0,1398,0,18-23,-999,-999,-999,3,-999,-999,-999,-999,India,63.1,-999,-999,-999,-999,-999,-999,-999,-999,-999,"Compulsive Social Media Use - CSMU (Andreassan et al., 2012)","0, 2",0,-999,0,"FOMO scale (Przybylksi et al., 2013)",3,-999,1,0.73,0,0,-999,1,-999,0.37,0,-999,0.3884231,0.026773978,0.000716846,-999,-999,-999,-999,0.37
1,13,"Rosen, Carrier, Pedroza, Elias, O’Brien, Lozano, Kim, Cheever, Bentley, Ruiz ",The Role of Executive Functioning and Technological Anxiety (FOMO) in College Course Performance as Mediated by Technology Usage and Multitasking Habits,2018,1,0,216,0,-999,24.4,6.22,-999,3,-999,-999,-999,-999,US,62,12,13.4,56,14.8,-999,-999,-999,-999,-999,Media and Technology Usage and Attitudes Scale - MTUAS daily smartphone use subscale,"0, 2",0,Daily smartphone use subscale,0,Media and Technology Usage and Attitudes Scale - MTUAS anxiety without technology (FoMo) subscore,3,-999,1,0.78,0,0,-999,1,MTUAS anxiety without technology (FoMo) subscore,-0.25,0,-999,-0.255412812,0.068518871,0.004694836,-999,-999,-999,-999,-0.25
2,13,"Rosen, Carrier, Pedroza, Elias, O’Brien, Lozano, Kim, Cheever, Bentley, Ruiz ",The Role of Executive Functioning and Technological Anxiety (FOMO) in College Course Performance as Mediated by Technology Usage and Multitasking Habits,2018,1,0,216,0,-999,24.4,6.22,-999,3,-999,-999,-999,-999,US,62,12,13.4,56,14.8,-999,-999,-999,-999,-999,"Minutes Smartphone Use per Day (phone application, Instant Quantified Self app)",1,0,-999,0,Media and Technology Usage and Attitudes Scale - MTUAS anxiety subscore,3,-999,1,0.78,0,0,-999,1,MTUAS anxiety without technology (FoMo) subscore,-0.17,1,2,-0.171666664,0.068518871,0.004694836,-999,-999,-999,-999,-0.17
1,14,"Elhaia, Yanga, Rozgonjukd, Montag ",Using machine learning to model problematic smartphone use severity: The T significant role of fear of missing out ,2020,1,0,1097,0,-999,19.38,1.18,-999,3,-999,-999,-999,-999,China,81.9,-999,-999,-999,-999,-999,-999,-999,-999,-999,"Smartphone Addiction Scale Shortened Version - SAS-SV (Kwon et al., 2013)","0, 2",0,-999,0,"Depression Anxiety Stress Scale-21 (Lovibond & Lovibond, 1995)",1,-999,1,0.84,0,0,1,1,DASS Anxiety subscore,0.34,-999,-999,0.354092529,0.030233703,0.000914077,-999,-999,-999,-999,0.34
2,14,"Elhaia, Yanga, Rozgonjukd, Montag ",Using machine learning to model problematic smartphone use severity: The T significant role of fear of missing out ,2020,1,0,1097,0,-999,19.38,1.18,-999,3,-999,-999,-999,-999,China,81.9,-999,-999,-999,-999,-999,-999,-999,-999,-999,"Smartphone Addiction Scale Shortened Version - SAS-SV (Kwon et al., 2013)","0, 2",0,-999,1,"Depression Anxiety Stress Scale-21 (Lovibond & Lovibond, 1995)",-999,0,1,0.87,0,0,1,1,DASS Depression subscore,0.31,-999,-999,0.320545409,0.030233703,0.000914077,-999,-999,-999,-999,0.31
3,14,"Elhaia, Yanga, Rozgonjukd, Montag ",Using machine learning to model problematic smartphone use severity: The T significant role of fear of missing out ,2020,1,0,1097,0,-999,19.38,1.18,-999,3,-999,-999,-999,-999,China,81.9,-999,-999,-999,-999,-999,-999,-999,-999,-999,"Smartphone Addiction Scale Shortened Version - SAS-SV (Kwon et al., 2013)","0, 2",0,-999,0,"FOMO scale (Przybylksi et al., 2013)",3,-999,1,0.89,0,0,1,1,-999,0.4,-999,-999,0.42364893,0.030233703,0.000914077,-999,-999,-999,-999,0.4
1,15,"Li, Lau, Mo, Su, Tang, Qin, Gross",Insomnia partially mediated the association between problematic Internet use and depression among secondary school students in China ,2017,1,0,1015,0,-999,-999,-999,7th to 9th,1,-999,-999,-999,-999,China,41.2,-999,-999,-999,-999,-999,-999,-999,-999,41.2,"Internet addiction Diagnostic Questionnaire (Young, 1998)","0, 2 ",0,-999,1,Center for Epidemiological Studies-Depression scale (CES-D) ,-999,"0, 1",1,0.87,0,0,1,1,Both PDD and MDD (higher scores indicate more severe),0.2722,-999,-999,0.27923834,0.031434731,0.000988142,2.79,1.71,4.55,Non internet use vs. internet use,0.2722
2,15,"Li, Lau, Mo, Su, Tang, Qin, Gross",Insomnia partially mediated the association between problematic Internet use and depression among secondary school students in China ,2017,1,0,1015,0,-999,-999,-999,8th to 9th,1,-999,-999,-999,-999,China,41.2,-999,-999,-999,-999,-999,-999,-999,-999,41.2,"Facebook Addiction Scale -  (Koc & Gulyagci, 2013)","0, 2 ",0,-999,1,Center for Epidemiological Studies-Depression scale (CES-D) ,-999,"0, 1",1,0.87,0,0,1,1,Both PDD and MDD (higher scores indicate more severe),0.3105,-999,-999,0.321098663,0.031434731,0.000988142,3.27,2.33,4.59,No online social network site user vs. social network site user,0.3105
1,16,"Jelenchick, Eickhoff, Moreno ",“Facebook Depression?” Social Networking Site Use and Depression in Older Adolescents ,2013,0,0,190,0,18-23,18.9,0.8,-999,3,-999,-999,-999,-999,US,58,91,1,3,3,0,3,-999,-999,49,Experience sample method - ESM surveys,"0, 2",1,43 surveys were administered to each participant over 7 days using text messages sent to and from participants’ personal cell phones. Surveys were ad- ministered at random intervals between 6 A.M. and 1 A.M. ,1,Patient Health Questionnaire-9 - PHQ,-999,"0, 1",1,-999,-999,-999,-999,-999,-999,0.0502,1,0.25,0.050242233,0.073127242,0.005347594,1.2,0.7,2.1,Low use vs. average use,0.0502
2,16,"Jelenchick, Eickhoff, Moreno ",“Facebook Depression?” Social Networking Site Use and Depression in Older Adolescents ,2013,0,0,190,0,18-24,18.9,0.8,-999,3,-999,-999,-999,-999,US,58,91,1,3,3,0,3,-999,-999,49,Experience sample method - ESM surveys,"0, 3",1,44 surveys were administered to each participant over 7 days using text messages sent to and from participants’ personal cell phones. Surveys were ad- ministered at random intervals between 6 A.M. and 1 A.M. ,1,Patient Health Questionnaire-9 - PHQ,-999,"0, 1",1,-999,-999,-999,-999,-999,-999,0.1394,1,0.25,0.140313633,0.073127242,0.005347594,0.6,0.2,2.1,Low use vs. high use,0.1394
3,16,"Jelenchick, Eickhoff, Moreno ",“Facebook Depression?” Social Networking Site Use and Depression in Older Adolescents ,2013,0,0,190,0,18-25,18.9,0.8,-999,3,-999,-999,-999,-999,US,58,91,1,3,3,0,3,-999,-999,49,Experience sample method - ESM surveys,"0, 4",1,45 surveys were administered to each participant over 7 days using text messages sent to and from participants’ personal cell phones. Surveys were ad- ministered at random intervals between 6 A.M. and 1 A.M. ,1,Patient Health Questionnaire-9 - PHQ,-999,"0, 1",1,-999,-999,-999,-999,-999,-999,0.1877,1,0.25,0.189952106,0.073127242,0.005347594,0.5,0.1,1.8,Average use vs. high use,0.1877
1,17,"Berrios Rolon, Maria M.",A quantitative study to explore the relationship between technostress symptoms and technostress among Puerto Rican university students,2014,0,1,250,1,-999,-999,-999,-999,-999,7.9,28.1,28.9,35,Puerto Rico,49.4,-999,-999,-999,-999,-999,-999,-999,-999,-999,"Personal Technostress Inventory - PTSI (Weil & Rosen, 1998)","0, 2",0,Technostress scale,"1, 2","Personal Technostress Inventory - PTSI (Weil & Rosen, 1998)",-999,-999,0,0.88,0,0,1,1,Technostress symptoms score (both anxiety AND depression),0.484,0,-999,0.528194829,0.063628476,0.004048583,-999,-999,-999,-999,0.484